"id","word","part_of_speech","definition","example_sentence","example_translation","collocations","level","tags","image_url","enabled"
"jp_travel_001","reservation","n.","預約","I have a reservation under the name Zong-En Bai.","我用 Zong-En Bai 的名字訂了房。","hotel reservation, reservation confirmation","A2","japan-trip, hotel, travel-core","","TRUE"
"jp_travel_002","check in","v.phr.","辦理報到；辦理入住","I would like to check in for flight JX846 to Kumamoto.","我想辦理前往熊本的 JX846 航班報到。","check in for a flight, hotel check-in","A2","japan-trip, airport, hotel, travel-core","","TRUE"
"jp_travel_003","check out","v.phr.","退房","I plan to check out around 4:30 tomorrow morning.","我預計明天早上四點半左右退房。","check out time, late checkout","A2","japan-trip, hotel","","TRUE"
"jp_travel_004","terminal","n.","航廈","Could you tell me the fastest way to Terminal 1?","可以告訴我到第一航廈最快的方式嗎？","airport terminal, Terminal 1","A2","japan-trip, airport, travel-core","","TRUE"
"jp_travel_005","passport","n.","護照","May I see your passport?","可以看一下你的護照嗎？","show your passport, passport control","A1","japan-trip, airport, immigration, travel-core","","TRUE"
"jp_travel_006","boarding pass","n.","登機證","Please keep your boarding pass with your passport.","請把登機證和護照放在一起。","show your boarding pass, boarding pass and passport","A2","japan-trip, airport, travel-core","","TRUE"
"jp_travel_007","checked bag","n.","托運行李","I have one checked bag.","我有一件托運行李。","checked baggage, one checked bag","A2","japan-trip, airport, luggage, travel-core","","TRUE"
"jp_travel_008","carry-on","n.","隨身行李","I have one carry-on bag.","我有一件隨身行李。","carry-on bag, carry-on luggage","A2","japan-trip, airport, luggage","","TRUE"
"jp_travel_009","aisle seat","n.","走道位","An aisle seat would be great if available.","如果可以的話，我想要走道位。","window seat, aisle seat","A2","japan-trip, airport","","TRUE"
"jp_travel_010","arrival","n.","抵達","The driver should wait after arrival.","司機應該會在抵達後等候。","arrival exit, arrival time","A2","japan-trip, airport, pickup","","TRUE"
"jp_travel_011","departure","n.","出發；離境","I need to arrive early for departure.","我需要提早抵達準備出發。","departure time, departure gate","A2","japan-trip, airport","","TRUE"
"jp_travel_012","baggage claim","n.","行李提領處","Baggage claim is taking longer than expected.","領行李花的時間比預期久。","baggage claim area, go to baggage claim","A2","japan-trip, airport, luggage, travel-core","","TRUE"
"jp_travel_013","lost baggage","n.","遺失行李","Where is the lost baggage counter?","遺失行李櫃台在哪裡？","lost baggage counter, lost baggage report","B1","japan-trip, airport, emergency, travel-core","","TRUE"
"jp_travel_014","boarding gate","n.","登機門","Could you tell me which gate I should go to?","可以告訴我要去幾號登機門嗎？","boarding gate, gate number","A2","japan-trip, airport, travel-core","","TRUE"
"jp_travel_015","security check","n.","安檢","I need enough time for the security check.","我需要足夠時間通過安檢。","go through security check, airport security check","A2","japan-trip, airport, travel-core","","TRUE"
"jp_travel_016","return ticket","n.","回程機票","Yes, I have a return ticket back to Taiwan.","有，我有回台灣的回程機票。","show a return ticket, return ticket back to Taiwan","A2","japan-trip, immigration, travel-core","","TRUE"
"jp_travel_017","airport pickup","n.","接機","I booked an airport pickup.","我有預約接機。","airport pickup driver, book an airport pickup","A2","japan-trip, pickup, transportation, travel-core","","TRUE"
"jp_travel_018","name sign","n.","舉牌","The driver should wait with a name sign.","司機應該會拿著姓名牌等候。","hold a name sign, wait with a name sign","A2","japan-trip, pickup","","TRUE"
"jp_travel_019","suitcase","n.","行李箱","I have one suitcase.","我有一個行李箱。","one suitcase, large suitcase","A2","japan-trip, luggage","","TRUE"
"jp_travel_020","front desk","n.","櫃台","Please ask the front desk to keep your luggage.","請請櫃台幫你寄放行李。","hotel front desk, ask the front desk","A2","japan-trip, hotel, travel-core","","TRUE"
"jp_travel_021","luggage storage","n.","寄放行李","Do you need luggage storage?","你需要寄放行李嗎？","luggage storage service, need luggage storage","A2","japan-trip, hotel, luggage, travel-core","","TRUE"
"jp_travel_022","Wi-Fi password","n.","Wi-Fi 密碼","Could you tell me the Wi-Fi password?","可以告訴我 Wi-Fi 密碼嗎？","hotel Wi-Fi password, ask for the Wi-Fi password","A2","japan-trip, hotel","","TRUE"
"jp_travel_023","taxi","n.","計程車","Could you call a taxi to Airport Hotel Kumamoto?","可以幫我叫計程車到熊本機場飯店嗎？","call a taxi, take a taxi","A1","japan-trip, transportation, travel-core","","TRUE"
"jp_travel_024","airport hotel","n.","機場飯店","Could you take me to Airport Hotel Kumamoto?","可以載我去熊本機場飯店嗎？","stay at an airport hotel, transfer to an airport hotel","A2","japan-trip, hotel, transportation","","TRUE"
"jp_travel_025","how long","adv.","多久","How long does it usually take to get there?","通常到那裡要多久？","how long does it take, how long will you stay","A1","japan-trip, question-pattern, travel-core","","TRUE"
"jp_travel_026","delayed","adj.","延誤","Immigration was delayed and took longer than expected.","入境延誤了，花的時間比預期久。","delayed flight, delayed baggage","B1","japan-trip, airport, emergency","","TRUE"
"jp_travel_027","purpose","n.","目的","What is the purpose of your visit?","你的來訪目的為何？","purpose of your visit, travel purpose","A2","japan-trip, immigration, travel-core","","TRUE"
"jp_travel_028","restricted items","n.","限制物品","Are you carrying any liquids or restricted items?","你有攜帶液體或限制物品嗎？","liquids or restricted items, carry restricted items","B1","japan-trip, airport, security","","TRUE"
"jp_conf_001","academic conference","n.","學術研討會","I am here to attend an academic conference.","我是來參加學術研討會。","attend an academic conference, present at an academic conference","B1","japan-trip, conference, travel-core","","TRUE"
"jp_conf_002","registration desk","n.","報到櫃台","Where is the conference registration desk?","會議報到櫃台在哪裡？","conference registration desk, go to the registration desk","A2","japan-trip, conference, travel-core","","TRUE"
"jp_conf_003","presenter","n.","發表者","I am a presenter at ICLEA 2026.","我是 ICLEA 2026 的發表者。","paper presenter, conference presenter","B1","japan-trip, conference","","TRUE"
"jp_conf_004","venue","n.","會場","Could you tell me the best way to get to the conference venue?","可以告訴我到會議場地最好的方式嗎？","conference venue, presentation venue","B1","japan-trip, conference, transportation","","TRUE"
"jp_conf_005","presentation","n.","發表；簡報","How long is your presentation?","你的發表時間多長？","give a presentation, paper presentation","A2","japan-trip, conference, presentation-core","","TRUE"
"jp_conf_006","slides","n.","投影片","Could I test my slides before the session?","我可以在場次開始前測試投影片嗎？","test my slides, presentation slides","A2","japan-trip, conference, presentation-core","","TRUE"
"jp_conf_007","projector","n.","投影機","I need to check the projector before my presentation.","我需要在發表前確認投影機。","check the projector, projector connection","B1","japan-trip, conference, presentation-core","","TRUE"
"jp_conf_008","time limit","n.","時間限制","Could you let me know when I have two minutes left?","剩兩分鐘時可以提醒我嗎？","presentation time limit, two minutes left","B1","japan-trip, conference, presentation-core","","TRUE"
"jp_conf_009","session chair","n.","場次主持人","The session chair will introduce each presenter.","場次主持人會介紹每位發表者。","ask the session chair, session chair and presenters","B2","japan-trip, conference, presentation-core","","TRUE"
"jp_conf_010","technical support","n.","技術支援","Do you need any technical support?","你需要任何技術支援嗎？","ask for technical support, presentation technical support","B1","japan-trip, conference, presentation-core","","TRUE"
"jp_conf_011","research paper","n.","研究論文","I am here to present a research paper.","我是來發表研究論文。","present a research paper, full research paper","B1","japan-trip, conference, presentation-core","","TRUE"
"jp_conf_012","affiliation","n.","所屬機構","May I have your name and affiliation?","請問你的姓名與所屬機構？","name and affiliation, institutional affiliation","B2","japan-trip, conference","","TRUE"
"jp_conf_013","questions and comments","n.","問題與建議","I welcome your questions and comments.","歡迎各位提出問題與建議。","welcome questions and comments, Q and A comments","B1","japan-trip, conference, presentation-core","","TRUE"
"talper_001","learning companion","n.","學習夥伴","TALPer is an AI learning companion.","TALPer 是一個 AI 學習夥伴。","AI learning companion, generative-AI learning companion","B1","talper-presentation, presentation-core","","TRUE"
"talper_002","self-regulated learning","n.","自我調節學習","The study is based on self-regulated learning theory.","本研究奠基於自我調節學習理論。","self-regulated learning theory, self-regulated learning framework","B2","talper-presentation, presentation-core","","TRUE"
"talper_003","instructional framework","n.","教學框架","TALPer is embedded into an instructional framework.","TALPer 被嵌入一個教學框架中。","structured instructional framework, 4L instructional framework","B2","talper-presentation","","TRUE"
"talper_004","scaffold","n.","鷹架；支持","AI can become a scaffold for planning and reflection.","AI 可以成為支持規劃與反思的鷹架。","digital scaffold, AI scaffold","B2","talper-presentation, presentation-core","","TRUE"
"talper_005","monitoring","n.","監控","The framework supports planning, monitoring, and reflection.","這個框架支持規劃、監控與反思。","monitoring understanding, planning and monitoring","B1","talper-presentation","","TRUE"
"talper_006","conceptual understanding","n.","概念理解","The goal is to support conceptual understanding.","目標是支持概念理解。","support conceptual understanding, develop conceptual understanding","B2","talper-presentation, presentation-core","","TRUE"
"talper_007","passive dependence","n.","被動依賴","Without guidance, AI may produce passive dependence.","如果缺乏引導，AI 可能造成被動依賴。","produce passive dependence, avoid passive dependence","B2","talper-presentation","","TRUE"
"talper_008","educational tension","n.","教育上的張力","This study addresses the educational tension surrounding generative AI.","本研究處理生成式 AI 在教育中帶來的張力。","educational tension, tension surrounding GenAI","B2","talper-presentation","","TRUE"
"talper_009","theoretical framework","n.","理論框架","I will explain the theoretical framework of this study.","我會說明本研究的理論框架。","explain the theoretical framework, theoretical framework of the study","B2","talper-presentation, presentation-core","","TRUE"
"talper_010","functional design","n.","功能設計","I will introduce TALPer and explain its functional design.","我會介紹 TALPer 並說明它的功能設計。","explain functional design, system functional design","B2","talper-presentation","","TRUE"
"talper_011","participants","n.","參與者","The participants were fifth-grade students.","參與者是五年級學生。","research participants, study participants","B1","talper-presentation","","TRUE"
"talper_012","analytical methods","n.","分析方法","I will describe our research design and analytical methods.","我會說明研究設計與分析方法。","statistical and analytical methods, describe analytical methods","B2","talper-presentation","","TRUE"
"talper_013","learning outcomes","n.","學習成效","I will present the major learning outcomes.","我會呈現主要學習成效。","major learning outcomes, aggregate learning outcomes","B2","talper-presentation, presentation-core","","TRUE"
"talper_014","cognitive network structures","n.","認知網絡結構","We analyzed ENA-based cognitive network structures.","我們分析基於 ENA 的認知網絡結構。","ENA-based cognitive network structures, compare cognitive network structures","C1","talper-presentation, presentation-core","","TRUE"
"talper_015","implications","n.","啟示；意涵","Finally, I will discuss the implications of this study.","最後，我會討論本研究的啟示。","research implications, practical implications","B2","talper-presentation, presentation-core","","TRUE"
"talper_016","future directions","n.","未來方向","I will discuss the limitations and future directions.","我會討論限制與未來方向。","limitations and future directions, suggest future directions","B2","talper-presentation","","TRUE"
"talper_017","intelligent tutoring systems","n.","智慧型教學系統","Earlier intelligent tutoring systems relied on adaptive mechanisms.","早期智慧型教學系統依賴適性機制。","earlier intelligent tutoring systems, AI tutoring systems","C1","talper-presentation","","TRUE"
"talper_018","adaptive mechanisms","n.","適性機制","Adaptive mechanisms can support differentiated instruction.","適性機制可以支持差異化教學。","adaptive mechanisms for instruction, adaptive learning mechanisms","C1","talper-presentation","","TRUE"
"talper_019","real-time feedback","n.","即時回饋","Generative AI can provide real-time feedback.","生成式 AI 可以提供即時回饋。","provide real-time feedback, AI real-time feedback","B2","talper-presentation, presentation-core","","TRUE"
"talper_020","learner agency","n.","學習者主體性","Passive use of AI may reduce learner agency.","被動使用 AI 可能削弱學習者主體性。","reduce learner agency, support learner agency","C1","talper-presentation","","TRUE"
"talper_021","conceptual engagement","n.","概念參與","Students may move on without conceptual engagement.","學生可能在缺乏概念參與的情況下繼續前進。","without conceptual engagement, promote conceptual engagement","C1","talper-presentation","","TRUE"
"talper_022","theoretical foundation","n.","理論基礎","The theoretical foundation combines SRL and the 4L framework.","理論基礎結合 SRL 與四學框架。","theoretical foundation of this study, build a theoretical foundation","B2","talper-presentation","","TRUE"
"talper_023","pedagogical scaffolding","n.","教學鷹架","AI scaffolding must be paired with pedagogical scaffolding.","AI 鷹架必須與教學鷹架相互配合。","paired with pedagogical scaffolding, AI and pedagogical scaffolding","C1","talper-presentation, presentation-core","","TRUE"
"talper_024","learning analytics","n.","學習分析","The study is positioned at the intersection of AI and learning analytics.","本研究定位在 AI 與學習分析的交會處。","learning analytics, multimodal learning analytics","C1","talper-presentation, presentation-core","","TRUE"
"jp_pattern_001","Could you tell me where the registration desk is?","v.phr.","可以告訴我報到櫃台在哪裡嗎？","Could you tell me where the registration desk is?","可以告訴我報到櫃台在哪裡嗎？","Could you tell me where ... is?","A2","japan-trip, sentence-pattern, listening-typing-core","","TRUE"
"jp_pattern_002","I have a reservation under the name Zong-En Bai.","v.phr.","我用 Zong-En Bai 的名字訂了房。","I have a reservation under the name Zong-En Bai.","我用 Zong-En Bai 的名字訂了房。","I have a reservation under the name ...","A2","japan-trip, sentence-pattern, hotel, listening-typing-core","","TRUE"
"jp_pattern_003","Could you keep my luggage until check-in?","v.phr.","可以在入住前幫我寄放行李嗎？","Could you keep my luggage until check-in?","可以在入住前幫我寄放行李嗎？","Could you keep my luggage ...?","A2","japan-trip, sentence-pattern, hotel, listening-typing-core","","TRUE"
"jp_pattern_004","Could you call a taxi to Airport Hotel Kumamoto?","v.phr.","可以幫我叫計程車到熊本機場飯店嗎？","Could you call a taxi to Airport Hotel Kumamoto?","可以幫我叫計程車到熊本機場飯店嗎？","Could you call a taxi to ...?","A2","japan-trip, sentence-pattern, transportation, listening-typing-core","","TRUE"
"jp_pattern_005","My luggage has not arrived.","v.phr.","我的行李沒有到。","My luggage has not arrived.","我的行李沒有到。","My luggage has not arrived.","A2","japan-trip, sentence-pattern, emergency, listening-typing-core","","TRUE"
"jp_pattern_006","Could I test my slides before the session?","v.phr.","我可以在場次開始前測試投影片嗎？","Could I test my slides before the session?","我可以在場次開始前測試投影片嗎？","Could I test my slides ...?","B1","japan-trip, sentence-pattern, conference, listening-typing-core","","TRUE"
"conf_vocab_001","present","v.","發表；呈現","Today I am pleased to present our study.","今天我很高興發表我們的研究。","present our study, present the findings, present the results","A2","conference, talper-presentation, presentation-core","","TRUE"
"conf_vocab_002","study","n.","研究","This study investigates how TALPer supports students learning.","本研究探討 TALPer 如何支持學生學習。","this study investigates, our study focuses on","A2","conference, talper-presentation, presentation-core","","TRUE"
"conf_vocab_003","focus on","v.phr.","聚焦於","This study focuses on fifth-grade mathematics learning.","本研究聚焦於五年級數學學習。","focus on learning outcomes, focus on learning processes","A2","conference, talper-presentation, presentation-core","","TRUE"
"conf_vocab_004","conduct","v.","進行；執行","This study was conducted in a public elementary school.","本研究在一所公立國小進行。","conduct a study, conduct an intervention","B1","conference, talper-presentation","","TRUE"
"conf_vocab_005","examine","v.","檢驗；探討","We examined how TALPer supports students learning.","我們檢驗 TALPer 如何支持學生學習。","examine learning outcomes, examine cognitive network structures","B1","conference, talper-presentation","","TRUE"
"conf_vocab_006","investigate","v.","研究；調查","This study investigates the effects of integrating TALPer into instruction.","本研究調查將 TALPer 融入教學的效果。","investigate the effects, investigate whether","B1","conference, talper-presentation","","TRUE"
"conf_vocab_007","integrate","v.","整合；融入","We integrate TALPer into the SRL 4L framework.","我們將 TALPer 融入 SRL 4L 架構。","integrate TALPer into instruction, integrate AI into classroom instruction","B1","conference, talper-presentation","","TRUE"
"conf_vocab_008","artificial intelligence","n.","人工智慧","Artificial intelligence in education has become increasingly important.","教育中的人工智慧變得越來越重要。","artificial intelligence in education, AI-supported learning","B1","conference, talper-presentation","","TRUE"
"conf_vocab_009","generative AI","n.","生成式人工智慧","Generative AI provides real-time feedback.","生成式 AI 提供即時回饋。","generative AI tools, generative AI in education","B1","conference, talper-presentation","","TRUE"
"conf_vocab_010","intelligent tutoring system","n.","智慧型教學系統","Intelligent tutoring systems support differentiated instruction.","智慧型教學系統支持差異化教學。","intelligent tutoring system, AI tutoring system","C1","conference, talper-presentation","","TRUE"
"conf_vocab_011","adaptive learning","n.","適性學習","Adaptive learning can support differentiated instruction.","適性學習可以支持差異化教學。","adaptive learning platform, adaptive learning mechanisms","B2","conference, talper-presentation","","TRUE"
"conf_vocab_012","differentiated instruction","n.","差異化教學","AI can support differentiated instruction.","AI 可以支持差異化教學。","support differentiated instruction, classroom differentiated instruction","B2","conference, talper-presentation","","TRUE"
"conf_vocab_013","step-by-step guidance","n.","逐步引導","TALPer can offer step-by-step guidance.","TALPer 可以提供逐步引導。","offer step-by-step guidance, provide step-by-step guidance","B1","conference, talper-presentation, presentation-core","","TRUE"
"conf_vocab_014","digital scaffold","n.","數位鷹架","AI can function as a digital scaffold.","AI 可以作為數位鷹架。","function as a digital scaffold, AI digital scaffold","B2","conference, talper-presentation","","TRUE"
"conf_vocab_015","scaffolding","n.","鷹架支持","The system provides reflective scaffolding.","此系統提供反思鷹架。","reflective scaffolding, cognitive scaffolding, AI scaffolding","B2","conference, talper-presentation, presentation-core","","TRUE"
"conf_vocab_016","passive reliance","n.","被動依賴","Passive reliance may reduce learner agency.","被動依賴可能降低學習者主體性。","passive reliance on AI, reduce learner agency","B2","conference, talper-presentation","","TRUE"
"conf_vocab_017","procedural dependence","n.","程序性依賴","Students may develop procedural dependence.","學生可能發展出程序性依賴。","develop procedural dependence, surface-level procedural dependence","C1","conference, talper-presentation","","TRUE"
"conf_vocab_018","cycle","n.","循環","Zimmermans SRL cycle includes three major phases.","Zimmerman 的 SRL 循環包含三個主要階段。","SRL cycle, regulatory cycle","B1","conference, talper-presentation","","TRUE"
"conf_vocab_019","forethought","n.","預思階段；事前規劃","Forethought involves goal setting and prior knowledge activation.","預思階段包含目標設定與先備知識活化。","forethought phase, goal setting and prior knowledge activation","C1","conference, talper-presentation","","TRUE"
"conf_vocab_020","performance","n.","執行階段；表現","Performance involves monitoring and strategy adjustment.","執行階段包含監控與策略調整。","performance phase, student performance","B1","conference, talper-presentation","","TRUE"
"conf_vocab_021","self-reflection","n.","自我反思","Self-reflection supports error noticing and conceptual consolidation.","自我反思支持錯誤覺察與概念鞏固。","self-reflection phase, support self-reflection","B2","conference, talper-presentation","","TRUE"
"conf_vocab_022","goal setting","n.","目標設定","Students engage in goal setting before learning.","學生在學習前進行目標設定。","engage in goal setting, goal setting strategy","B1","conference, talper-presentation","","TRUE"
"conf_vocab_023","prior knowledge activation","n.","先備知識活化","The activity helps students activate prior knowledge.","這個活動幫助學生活化先備知識。","activate prior knowledge, prior knowledge activation","C1","conference, talper-presentation","","TRUE"
"conf_vocab_024","strategy selection","n.","策略選擇","Students select appropriate strategies during problem solving.","學生在解題過程中選擇適當策略。","select appropriate strategies, strategy selection process","B2","conference, talper-presentation","","TRUE"
"conf_vocab_025","reflection","n.","反思","Students reflect on their mistakes.","學生反思自己的錯誤。","reflect on mistakes, reflection activity","B1","conference, talper-presentation","","TRUE"
"conf_vocab_026","misconception","n.","迷思概念","The teacher helps students address misconceptions.","教師幫助學生處理迷思概念。","address misconceptions, student misconception","B2","conference, talper-presentation","","TRUE"
"conf_vocab_027","consolidation","n.","統整；鞏固","Reflection helps consolidate conceptual understanding.","反思有助於鞏固概念理解。","conceptual consolidation, consolidate understanding","B2","conference, talper-presentation","","TRUE"
"conf_vocab_028","operationalize","v.","操作化","Hos 4L framework operationalizes SRL in classroom instruction.","Ho 的 4L 架構將 SRL 操作化於課堂教學中。","operationalize SRL, operationalize the framework","C1","conference, talper-presentation","","TRUE"
"conf_vocab_029","general-purpose chatbot","n.","一般用途聊天機器人","TALPer is not designed as a general-purpose chatbot.","TALPer 並不是設計成一般用途的聊天機器人。","general-purpose chatbot, not designed as a chatbot","B2","conference, talper-presentation, presentation-core","","TRUE"
"conf_vocab_030","academic learning companion","n.","學術學習夥伴","It is designed as an academic learning companion.","它被設計為學術學習夥伴。","academic learning companion, designed as a learning companion","B2","conference, talper-presentation, presentation-core","","TRUE"
"conf_vocab_031","instructional boundary","n.","教學邊界","TALPer has clear instructional boundaries.","TALPer 具有明確的教學邊界。","clear instructional boundaries, maintain instructional boundaries","B2","conference, talper-presentation","","TRUE"
"conf_vocab_032","non-academic question","n.","非學術問題","TALPer avoids answering non-academic questions.","TALPer 避免回答非學術問題。","avoid non-academic questions, answer non-academic questions","B2","conference, talper-presentation","","TRUE"
"conf_vocab_033","sensitive political issue","n.","敏感政治議題","The system avoids sensitive political issues.","系統避免敏感政治議題。","avoid sensitive political issues, sensitive political issue","C1","conference, talper-presentation","","TRUE"
"conf_vocab_034","safe educational environment","n.","安全的教育環境","The boundary helps maintain a safe educational environment.","這個邊界有助於維持安全的教育環境。","maintain a safe educational environment, safe educational environment","B2","conference, talper-presentation","","TRUE"
"conf_vocab_035","guided dialogue","n.","引導式對話","TALPer supports guided dialogue.","TALPer 支持引導式對話。","support guided dialogue, guided dialogue with students","B2","conference, talper-presentation","","TRUE"
"conf_vocab_036","guided inquiry","n.","引導探究","Its role is close to guided inquiry.","它的角色接近引導探究。","guided inquiry, guided inquiry process","B2","conference, talper-presentation, presentation-core","","TRUE"
"conf_vocab_037","reasoning support","n.","推理支持","The system provides reasoning support.","系統提供推理支持。","provide reasoning support, reasoning support and scaffolding","B2","conference, talper-presentation, presentation-core","","TRUE"
"conf_vocab_038","reflective scaffolding","n.","反思鷹架","TALPer provides reflective scaffolding.","TALPer 提供反思鷹架。","provide reflective scaffolding, reflective scaffolding process","C1","conference, talper-presentation, presentation-core","","TRUE"
"conf_vocab_039","verify","v.","驗證","Students verify each step.","學生驗證每一個步驟。","verify each step, verify the solution steps","B1","conference, talper-presentation","","TRUE"
"conf_vocab_040","solution step","n.","解題步驟","Students verify the solution steps.","學生驗證解題步驟。","verify the solution steps, solution step explanation","B2","conference, talper-presentation","","TRUE"
"conf_vocab_041","learning trace","n.","學習歷程軌跡","The system logs students learning traces.","系統記錄學生的學習歷程軌跡。","log learning traces, students learning traces","B2","conference, talper-presentation","","TRUE"
"conf_vocab_042","dialogic feedback","n.","對話式回饋","TALPer provides dialogic feedback.","TALPer 提供對話式回饋。","provide dialogic feedback, dialogic feedback process","C1","conference, talper-presentation","","TRUE"
"conf_vocab_043","research question","n.","研究問題","We proposed three research questions.","我們提出三個研究問題。","propose research questions, research question focuses on","B1","conference, talper-presentation, presentation-core","","TRUE"
"conf_vocab_044","learning process","n.","學習歷程","We analyzed students learning processes.","我們分析學生的學習歷程。","analyze learning processes, students learning processes","B1","conference, talper-presentation, presentation-core","","TRUE"
"conf_vocab_045","quasi-experimental design","n.","準實驗設計","This study adopted a quasi-experimental design.","本研究採用準實驗設計。","adopted a quasi-experimental design, quasi-experimental design","C1","conference, talper-presentation, presentation-core","","TRUE"
"conf_vocab_046","participant","n.","參與者","The participants were 44 fifth-grade students.","參與者為 44 位五年級學生。","research participant, study participant","B1","conference, talper-presentation","","TRUE"
"conf_vocab_047","experimental group","n.","實驗組","Students in the experimental group received TALPer support.","實驗組學生接受 TALPer 支持。","experimental group, students in the experimental group","B2","conference, talper-presentation, presentation-core","","TRUE"
"conf_vocab_048","control group","n.","控制組","Students in the control group received instruction without TALPer.","控制組學生接受未使用 TALPer 的教學。","control group, students in the control group","B2","conference, talper-presentation, presentation-core","","TRUE"
"conf_vocab_049","intervention","n.","介入；實驗處理","The study included a two-week intervention.","本研究包含兩週的介入。","two-week intervention, AI intervention","B2","conference, talper-presentation","","TRUE"
"conf_vocab_050","baseline difference","n.","起始差異","There was no significant baseline difference.","沒有顯著的起始差異。","significant baseline difference, no baseline difference","C1","conference, talper-presentation","","TRUE"
"conf_vocab_051","pre-test","n.","前測","We used pre-test scores as the covariate.","我們以前測成績作為共變數。","pre-test scores, pre-test result","B1","conference, talper-presentation, presentation-core","","TRUE"
"conf_vocab_052","post-test","n.","後測","We compared adjusted post-test scores.","我們比較調整後的後測成績。","post-test scores, adjusted post-test mean","B1","conference, talper-presentation, presentation-core","","TRUE"
"conf_vocab_053","covariate","n.","共變數","Pre-test scores were used as the covariate.","前測成績被作為共變數。","using pre-test scores as the covariate, covariate analysis","C1","conference, talper-presentation","","TRUE"
"conf_vocab_054","ANCOVA","n.","共變數分析","ANCOVA was used to compare adjusted post-test scores.","ANCOVA 被用來比較調整後的後測成績。","ANCOVA showed, ANCOVA was used","C1","conference, talper-presentation","","TRUE"
"conf_vocab_055","paired-samples t-test","n.","成對樣本 t 檢定","Paired-samples t-tests examined pre-to-post improvement.","成對樣本 t 檢定檢驗前後測進步。","paired-samples t-test, pre-to-post improvement","C1","conference, talper-presentation","","TRUE"
"conf_vocab_056","effect size","n.","效果量","The effect size was medium.","效果量為中等。","medium effect size, report effect size","B2","conference, talper-presentation","","TRUE"
"conf_vocab_057","Epistemic Network Analysis","n.","認識網絡分析","Epistemic Network Analysis was used to examine cognitive network structures.","認識網絡分析被用來檢驗認知網絡結構。","Epistemic Network Analysis, ENA analysis","C1","conference, talper-presentation, presentation-core","","TRUE"
"conf_vocab_058","coding framework","n.","編碼架構","We developed a coding framework.","我們建立了一套編碼架構。","develop a coding framework, coding framework included","B2","conference, talper-presentation, presentation-core","","TRUE"
"conf_vocab_059","metacognition","n.","後設認知","The coding framework included metacognition and cognition.","編碼架構包含後設認知與認知。","metacognitive strategies, metacognition and cognition","C1","conference, talper-presentation","","TRUE"
"conf_vocab_060","cognition","n.","認知","The analysis included cognition and metacognition.","分析包含認知與後設認知。","cognitive engagement, cognition category","B2","conference, talper-presentation","","TRUE"
"conf_vocab_061","co-occurrence","n.","共現","ENA maps the co-occurrence of coded events.","ENA 映射編碼事件的共現關係。","co-occurrence of coded events, map co-occurrence","C1","conference, talper-presentation","","TRUE"
"conf_vocab_062","network visualization","n.","網絡視覺化","The network visualization showed structural differences.","網絡視覺化顯示結構差異。","network visualization showed, ENA visualization","C1","conference, talper-presentation","","TRUE"
"conf_vocab_063","multidirectional","adj.","多方向的","High-achieving students formed multidirectional networks.","高成就學生形成多方向的網絡。","multidirectional networks, deeper and multidirectional","C1","conference, talper-presentation","","TRUE"
"conf_vocab_064","integrated","adj.","整合的","High-achieving students formed integrated cognitive networks.","高成就學生形成整合的認知網絡。","integrated cognitive networks, integrated patterns","B2","conference, talper-presentation","","TRUE"
"conf_vocab_065","fragmented","adj.","片段化的","Low-achieving students showed fragmented learning patterns.","低成就學生展現片段化的學習樣貌。","fragmented learning patterns, fragmented networks","C1","conference, talper-presentation","","TRUE"
"conf_vocab_066","linear","adj.","線性的","Their interactions tended to follow a linear pattern.","他們的互動傾向呈現線性模式。","linear pattern, linear interactions","B2","conference, talper-presentation","","TRUE"
"conf_vocab_067","structural complexity","n.","結構複雜度","The Y-axis captures structural complexity.","Y 軸捕捉結構複雜度。","captures structural complexity, structural complexity of networks","C1","conference, talper-presentation","","TRUE"
"conf_vocab_068","cognitive tendency","n.","認知傾向","The X-axis reflects cognitive tendencies.","X 軸反映認知傾向。","reflects cognitive tendencies, cognitive tendency axis","C1","conference, talper-presentation","","TRUE"
"conf_vocab_069","strategy profile","n.","策略樣貌","SRL strategy profiles differed by ability level.","SRL 策略樣貌因能力程度而異。","SRL strategy profiles, strategy profile differed","C1","conference, talper-presentation","","TRUE"
"conf_vocab_070","significant","adj.","顯著的","The result was statistically significant.","結果達到統計顯著。","significant result, significant group effect","B1","conference, talper-presentation, presentation-core","","TRUE"
"conf_vocab_071","statistically significant","adj.","統計顯著","The ANCOVA showed a statistically significant group effect.","ANCOVA 顯示統計顯著的組別效果。","statistically significant group effect, statistically significant result","B2","conference, talper-presentation, presentation-core","","TRUE"
"conf_vocab_072","adjusted mean","n.","調整後平均數","We compared the adjusted post-test mean.","我們比較調整後後測平均數。","adjusted mean, adjusted post-test mean","C1","conference, talper-presentation","","TRUE"
"conf_vocab_073","outperform","v.","表現優於","The experimental group outperformed the control group.","實驗組表現優於控制組。","outperformed the control group, outperform peers","B2","conference, talper-presentation, presentation-core","","TRUE"
"conf_vocab_074","learning gain","n.","學習增益","Students achieved higher learning gains.","學生達成較高的學習增益。","higher learning gains, learning gain analysis","B2","conference, talper-presentation","","TRUE"
"conf_vocab_075","high-achieving students","n.","高成就學生","High-achieving students showed complete regulatory cycles.","高成就學生展現完整的調節循環。","high-achieving students, high-achieving group","B2","conference, talper-presentation, presentation-core","","TRUE"
"conf_vocab_076","low-achieving students","n.","低成就學生","Low-achieving students showed procedural dependence.","低成就學生展現程序性依賴。","low-achieving students, low-achieving group","B2","conference, talper-presentation, presentation-core","","TRUE"
"conf_vocab_077","regulatory awareness","n.","調節覺察","Regulatory awareness is the key intervention point.","調節覺察是關鍵介入點。","regulatory awareness, key intervention point","C1","conference, talper-presentation, presentation-core","","TRUE"
"conf_vocab_078","procedural execution","n.","程序執行","Low-achieving students focused more on procedural execution.","低成就學生更聚焦於程序執行。","focus on procedural execution, surface-level procedural execution","C1","conference, talper-presentation","","TRUE"
"conf_vocab_079","thinking partner","n.","思考夥伴","High-achieving students used TALPer as a thinking partner.","高成就學生將 TALPer 作為思考夥伴。","used as a thinking partner, AI thinking partner","B2","conference, talper-presentation, presentation-core","","TRUE"
"conf_vocab_080","procedural shortcut","n.","程序捷徑","Low-achieving students used TALPer as a procedural shortcut.","低成就學生將 TALPer 作為程序捷徑。","procedural shortcut, used as a shortcut","C1","conference, talper-presentation","","TRUE"
"conf_vocab_081","tool availability","n.","工具可用性","The difference was not tool availability.","差異並不是工具可用性。","tool availability, not tool availability","B2","conference, talper-presentation, presentation-core","","TRUE"
"conf_vocab_082","pedagogical implication","n.","教學意涵","The pedagogical implication is that AI access is not enough.","教學意涵是 AI 使用權限本身並不足夠。","pedagogical implication, AI access is not enough","C1","conference, talper-presentation, presentation-core","","TRUE"
"conf_vocab_083","limitation","n.","限制","This study has several limitations.","本研究有幾項限制。","several limitations, study limitation","B1","conference, talper-presentation, presentation-core","","TRUE"
"conf_vocab_084","sample size","n.","樣本數","The sample size was limited.","樣本數有限。","limited sample size, sample size was limited","B2","conference, talper-presentation, presentation-core","","TRUE"
"conf_vocab_085","external validity","n.","外部效度","External validity is limited.","外部效度有限。","external validity, limited external validity","C1","conference, talper-presentation","","TRUE"
"conf_vocab_086","generalizability","n.","可推論性；可推廣性","Generalizability across math topics is still open.","跨數學主題的可推廣性仍有待確認。","generalizability across topics, limited generalizability","C1","conference, talper-presentation","","TRUE"
"conf_vocab_087","long-term effect","n.","長期效果","Long-term effects were not observed.","長期效果尚未被觀察。","long-term effects, examine long-term effects","B2","conference, talper-presentation, presentation-core","","TRUE"
"conf_vocab_088","manual validation","n.","人工驗證","Manual validation is still needed.","仍需要人工驗證。","manual validation, manual validation is needed","C1","conference, talper-presentation","","TRUE"
"conf_vocab_089","future research","n.","未來研究","Future research should examine long-term effects.","未來研究應檢驗長期效果。","future research should examine, future research should explore","B1","conference, talper-presentation, presentation-core","","TRUE"
"conf_vocab_090","transferability","n.","可遷移性","Future research should test TALPers transferability across mathematical domains.","未來研究應測試 TALPer 跨數學領域的可遷移性。","test transferability, transferability across domains","C1","conference, talper-presentation","","TRUE"
"conf_vocab_091","sustainability","n.","永續性；持續性","Future research should examine the sustainability of learning gains.","未來研究應檢驗學習增益的持續性。","sustainability of learning gains, examine sustainability","C1","conference, talper-presentation","","TRUE"
"conf_pattern_001","Good morning everyone.","v.phr.","各位早安。","Good morning everyone.","各位早安。","conference opening, presentation opening","A1","conference, sentence-pattern, listening-typing-core","","TRUE"
"conf_pattern_002","My name is [name], and today I am pleased to present our study titled...","v.phr.","我是……今天很高興發表我們的研究，題目是……","My name is [name], and today I am pleased to present our study titled...","我是……今天很高興發表我們的研究，題目是……","I am pleased to present, study titled","B1","conference, sentence-pattern, listening-typing-core, presentation-core","","TRUE"
"conf_pattern_003","The focus of this study is...","v.phr.","本研究的焦點是……","The focus of this study is...","本研究的焦點是……","focus of this study, study focus","A2","conference, sentence-pattern, listening-typing-core, presentation-core","","TRUE"
"conf_pattern_004","More specifically, we examined how...","v.phr.","更具體來說，我們檢驗了……","More specifically, we examined how...","更具體來說，我們檢驗了……","more specifically, we examined how","B1","conference, sentence-pattern, listening-typing-core","","TRUE"
"conf_pattern_005","Today’s presentation will proceed in six parts.","v.phr.","今天的簡報將分為六個部分。","Today’s presentation will proceed in six parts.","今天的簡報將分為六個部分。","presentation will proceed, six parts","B1","conference, sentence-pattern, listening-typing-core","","TRUE"
"conf_pattern_006","First, I will introduce...","v.phr.","首先，我會介紹……","First, I will introduce...","首先，我會介紹……","first I will introduce, presentation outline","A2","conference, sentence-pattern, listening-typing-core","","TRUE"
"conf_pattern_007","Second, I will explain...","v.phr.","第二，我會說明……","Second, I will explain...","第二，我會說明……","second I will explain, presentation outline","A2","conference, sentence-pattern, listening-typing-core","","TRUE"
"conf_pattern_008","Third, I will describe...","v.phr.","第三，我會描述……","Third, I will describe...","第三，我會描述……","third I will describe, presentation outline","A2","conference, sentence-pattern, listening-typing-core","","TRUE"
"conf_pattern_009","Finally, I will discuss...","v.phr.","最後，我會討論……","Finally, I will discuss...","最後，我會討論……","finally I will discuss, presentation outline","A2","conference, sentence-pattern, listening-typing-core","","TRUE"
"conf_pattern_010","Let me begin with the background.","v.phr.","讓我先從研究背景開始。","Let me begin with the background.","讓我先從研究背景開始。","begin with the background, presentation transition","A2","conference, sentence-pattern, listening-typing-core, presentation-core","","TRUE"
"conf_pattern_011","In recent years, [topic] has become increasingly important in education.","v.phr.","近年來，……在教育中變得越來越重要。","In recent years, [topic] has become increasingly important in education.","近年來，……在教育中變得越來越重要。","in recent years, increasingly important in education","B1","conference, sentence-pattern, listening-typing-core","","TRUE"
"conf_pattern_012","On the one hand, ... On the other hand, ...","v.phr.","一方面……另一方面……","On the one hand, ... On the other hand, ...","一方面……另一方面……","on the one hand, on the other hand","B1","conference, sentence-pattern, listening-typing-core","","TRUE"
"conf_pattern_013","The key problem is not simply whether AI works.","v.phr.","關鍵問題不只是 AI 是否有效。","The key problem is not simply whether AI works.","關鍵問題不只是 AI 是否有效。","key problem, not simply whether","B2","conference, sentence-pattern, listening-typing-core, presentation-core","","TRUE"
"conf_pattern_014","The more important question is: for whom does AI work, and under what conditions?","v.phr.","更重要的問題是：AI 對誰有效？又在什麼條件下有效？","The more important question is: for whom does AI work, and under what conditions?","更重要的問題是：AI 對誰有效？又在什麼條件下有效？","more important question, under what conditions","B2","conference, sentence-pattern, listening-typing-core","","TRUE"
"conf_pattern_015","The theoretical foundation of this study combines A and B.","v.phr.","本研究的理論基礎結合了 A 與 B。","The theoretical foundation of this study combines A and B.","本研究的理論基礎結合了 A 與 B。","theoretical foundation, combines A and B","B2","conference, sentence-pattern, listening-typing-core, presentation-core","","TRUE"
"conf_pattern_016","This framework operationalizes the idea in classroom instruction.","v.phr.","這個架構將此概念操作化於課堂教學中。","This framework operationalizes the idea in classroom instruction.","這個架構將此概念操作化於課堂教學中。","framework operationalizes, classroom instruction","C1","conference, sentence-pattern, listening-typing-core","","TRUE"
"conf_pattern_017","In simple terms, A gives us the structure, while B gives us the mechanism.","v.phr.","簡單來說，A 提供結構，而 B 提供機制。","In simple terms, A gives us the structure, while B gives us the mechanism.","簡單來說，A 提供結構，而 B 提供機制。","in simple terms, structure and mechanism","B2","conference, sentence-pattern, listening-typing-core","","TRUE"
"conf_pattern_018","Now I will introduce [tool name].","v.phr.","現在我將介紹……","Now I will introduce [tool name].","現在我將介紹……","now I will introduce, introduce the tool","A2","conference, sentence-pattern, listening-typing-core, presentation-core","","TRUE"
"conf_pattern_019","[Tool name] is an AI learning companion built on...","v.phr.","……是一個建立在……上的 AI 學習夥伴。","[Tool name] is an AI learning companion built on...","……是一個建立在……上的 AI 學習夥伴。","AI learning companion, built on","B1","conference, sentence-pattern, listening-typing-core, presentation-core","","TRUE"
"conf_pattern_020","It is embedded into a structured pedagogical framework.","v.phr.","它被嵌入一個結構化的教學架構中。","It is embedded into a structured pedagogical framework.","它被嵌入一個結構化的教學架構中。","embedded into, structured pedagogical framework","B2","conference, sentence-pattern, listening-typing-core","","TRUE"
"conf_pattern_021","Instead, it guides students to think step by step.","v.phr.","相反地，它引導學生一步一步思考。","Instead, it guides students to think step by step.","相反地，它引導學生一步一步思考。","guides students, think step by step","B1","conference, sentence-pattern, listening-typing-core, presentation-core","","TRUE"
"conf_pattern_022","Based on this design, we proposed three research questions.","v.phr.","根據這樣的設計，我們提出三個研究問題。","Based on this design, we proposed three research questions.","根據這樣的設計，我們提出三個研究問題。","based on this design, proposed three research questions","B1","conference, sentence-pattern, listening-typing-core, presentation-core","","TRUE"
"conf_pattern_023","These three questions form a layered design: outcome, process, and structure.","v.phr.","這三個問題形成一個分層設計：成效、歷程與結構。","These three questions form a layered design: outcome, process, and structure.","這三個問題形成一個分層設計：成效、歷程與結構。","layered design, outcome process and structure","B2","conference, sentence-pattern, listening-typing-core, presentation-core","","TRUE"
"conf_pattern_024","This study adopted a quasi-experimental design.","v.phr.","本研究採用準實驗設計。","This study adopted a quasi-experimental design.","本研究採用準實驗設計。","adopted a quasi-experimental design","C1","conference, sentence-pattern, listening-typing-core, presentation-core","","TRUE"
"conf_pattern_025","The experimental group received..., whereas the control group received...","v.phr.","實驗組接受……，而控制組接受……","The experimental group received..., whereas the control group received...","實驗組接受……，而控制組接受……","experimental group received, control group received","B2","conference, sentence-pattern, listening-typing-core","","TRUE"
"conf_pattern_026","There was no significant baseline difference between the two groups.","v.phr.","兩組在前測上沒有顯著起始差異。","There was no significant baseline difference between the two groups.","兩組在前測上沒有顯著起始差異。","no significant baseline difference, between the two groups","C1","conference, sentence-pattern, listening-typing-core","","TRUE"
"conf_pattern_027","This design allowed us to isolate the effect of TALPer.","v.phr.","這樣的設計使我們能夠隔離 TALPer 的效果。","This design allowed us to isolate the effect of TALPer.","這樣的設計使我們能夠隔離 TALPer 的效果。","allowed us to isolate, effect of TALPer","B2","conference, sentence-pattern, listening-typing-core","","TRUE"
"conf_pattern_028","To analyze students’ learning processes, we developed a coding framework.","v.phr.","為了分析學生的學習歷程，我們建立了一套編碼架構。","To analyze students’ learning processes, we developed a coding framework.","為了分析學生的學習歷程，我們建立了一套編碼架構。","analyze learning processes, developed a coding framework","B2","conference, sentence-pattern, listening-typing-core, presentation-core","","TRUE"
"conf_pattern_029","We then used ENA to map the co-occurrence of these codes.","v.phr.","接著，我們使用 ENA 來映射這些編碼的共現關係。","We then used ENA to map the co-occurrence of these codes.","接著，我們使用 ENA 來映射這些編碼的共現關係。","used ENA, map co-occurrence","C1","conference, sentence-pattern, listening-typing-core, presentation-core","","TRUE"
"conf_pattern_030","This is important because frequency alone is not enough.","v.phr.","這很重要，因為只有頻率是不夠的。","This is important because frequency alone is not enough.","這很重要，因為只有頻率是不夠的。","frequency alone is not enough, this is important because","B2","conference, sentence-pattern, listening-typing-core","","TRUE"
"conf_pattern_031","Now let me present the results.","v.phr.","現在讓我呈現研究結果。","Now let me present the results.","現在讓我呈現研究結果。","present the results, results section","A2","conference, sentence-pattern, listening-typing-core, presentation-core","","TRUE"
"conf_pattern_032","After controlling for pre-test scores, the ANCOVA showed a significant group effect.","v.phr.","控制前測成績後，ANCOVA 顯示顯著的組別效果。","After controlling for pre-test scores, the ANCOVA showed a significant group effect.","控制前測成績後，ANCOVA 顯示顯著的組別效果。","controlling for pre-test scores, significant group effect","C1","conference, sentence-pattern, listening-typing-core, presentation-core","","TRUE"
"conf_pattern_033","This indicates that...","v.phr.","這表示……","This indicates that...","這表示……","this indicates that, result interpretation","B1","conference, sentence-pattern, listening-typing-core, presentation-core","","TRUE"
"conf_pattern_034","In practical terms, this result suggests that...","v.phr.","從實務角度來看，這個結果表示……","In practical terms, this result suggests that...","從實務角度來看，這個結果表示……","in practical terms, result suggests that","B2","conference, sentence-pattern, listening-typing-core","","TRUE"
"conf_pattern_035","However, this is only the first layer of the story.","v.phr.","然而，這只是故事的第一層。","However, this is only the first layer of the story.","然而，這只是故事的第一層。","first layer of the story, transition to deeper analysis","B2","conference, sentence-pattern, listening-typing-core","","TRUE"
"conf_pattern_036","High-achieving students showed a more complete regulatory cycle.","v.phr.","高成就學生展現出更完整的調節循環。","High-achieving students showed a more complete regulatory cycle.","高成就學生展現出更完整的調節循環。","high-achieving students showed, complete regulatory cycle","B2","conference, sentence-pattern, listening-typing-core, presentation-core","","TRUE"
"conf_pattern_037","In contrast, low-achieving students focused more on procedural execution.","v.phr.","相較之下，低成就學生更聚焦於程序執行。","In contrast, low-achieving students focused more on procedural execution.","相較之下，低成就學生更聚焦於程序執行。","in contrast, focused more on procedural execution","C1","conference, sentence-pattern, listening-typing-core, presentation-core","","TRUE"
"conf_pattern_038","The difference was not tool availability.","v.phr.","差異並不是工具可用性。","The difference was not tool availability.","差異並不是工具可用性。","difference was not, tool availability","B2","conference, sentence-pattern, listening-typing-core, presentation-core","","TRUE"
"conf_pattern_039","The difference was how students engaged with the tool.","v.phr.","差異在於學生如何與工具互動。","The difference was how students engaged with the tool.","差異在於學生如何與工具互動。","engaged with the tool, difference was how","B2","conference, sentence-pattern, listening-typing-core","","TRUE"
"conf_pattern_040","RQ3 further confirmed this difference through ENA.","v.phr.","研究問題三透過 ENA 進一步確認了這項差異。","RQ3 further confirmed this difference through ENA.","研究問題三透過 ENA 進一步確認了這項差異。","RQ3 confirmed, through ENA","C1","conference, sentence-pattern, listening-typing-core","","TRUE"
"conf_pattern_041","High-achieving students formed more integrated and multidirectional cognitive networks.","v.phr.","高成就學生形成更整合且多方向的認知網絡。","High-achieving students formed more integrated and multidirectional cognitive networks.","高成就學生形成更整合且多方向的認知網絡。","integrated networks, multidirectional cognitive networks","C1","conference, sentence-pattern, listening-typing-core, presentation-core","","TRUE"
"conf_pattern_042","Low-achieving students showed more fragmented and linear networks.","v.phr.","低成就學生展現出更片段化與線性的網絡。","Low-achieving students showed more fragmented and linear networks.","低成就學生展現出更片段化與線性的網絡。","fragmented networks, linear networks","C1","conference, sentence-pattern, listening-typing-core","","TRUE"
"conf_pattern_043","This structural difference is one of the major contributions of the study.","v.phr.","這種結構差異是本研究的主要貢獻之一。","This structural difference is one of the major contributions of the study.","這種結構差異是本研究的主要貢獻之一。","structural difference, major contributions","C1","conference, sentence-pattern, listening-typing-core, presentation-core","","TRUE"
"conf_pattern_044","AI-supported learning should not be evaluated only by test scores.","v.phr.","AI 支持的學習不應只用測驗分數來評估。","AI-supported learning should not be evaluated only by test scores.","AI 支持的學習不應只用測驗分數來評估。","AI-supported learning, not evaluated only by test scores","B2","conference, sentence-pattern, listening-typing-core","","TRUE"
"conf_pattern_045","Based on these results, we identified three key findings.","v.phr.","根據這些結果，我們歸納出三項主要發現。","Based on these results, we identified three key findings.","根據這些結果，我們歸納出三項主要發現。","identified three key findings, based on these results","B2","conference, sentence-pattern, listening-typing-core","","TRUE"
"conf_pattern_046","The pedagogical implication is that providing AI access is not enough.","v.phr.","教學意涵是：只提供 AI 使用權限是不夠的。","The pedagogical implication is that providing AI access is not enough.","教學意涵是：只提供 AI 使用權限是不夠的。","pedagogical implication, AI access is not enough","C1","conference, sentence-pattern, listening-typing-core, presentation-core","","TRUE"
"conf_pattern_047","The teacher’s role becomes even more important in AI-supported classrooms.","v.phr.","在 AI 支持的課堂中，教師角色變得更加重要。","The teacher’s role becomes even more important in AI-supported classrooms.","在 AI 支持的課堂中，教師角色變得更加重要。","teachers role, AI-supported classrooms","B2","conference, sentence-pattern, listening-typing-core","","TRUE"
"conf_pattern_048","To conclude, this study shows...","v.phr.","總結來說，本研究顯示……","To conclude, this study shows...","總結來說，本研究顯示……","to conclude, this study shows","B1","conference, sentence-pattern, listening-typing-core, presentation-core","","TRUE"
"conf_pattern_049","An AI learning companion is not a silver bullet.","v.phr.","AI 學習夥伴不是萬靈丹。","An AI learning companion is not a silver bullet.","AI 學習夥伴不是萬靈丹。","not a silver bullet, AI learning companion","B2","conference, sentence-pattern, listening-typing-core, presentation-core","","TRUE"
"conf_pattern_050","Its scaffolding effect depends on learners’ regulatory awareness.","v.phr.","它的鷹架效果取決於學習者的調節覺察。","Its scaffolding effect depends on learners’ regulatory awareness.","它的鷹架效果取決於學習者的調節覺察。","scaffolding effect depends on, regulatory awareness","C1","conference, sentence-pattern, listening-typing-core, presentation-core","","TRUE"
"conf_pattern_051","Of course, this study has several limitations.","v.phr.","當然，本研究仍有幾項限制。","Of course, this study has several limitations.","當然，本研究仍有幾項限制。","study has limitations, of course","B1","conference, sentence-pattern, listening-typing-core, presentation-core","","TRUE"
"conf_pattern_052","Future research should examine...","v.phr.","未來研究應檢驗……","Future research should examine...","未來研究應檢驗……","future research should examine, future research","B1","conference, sentence-pattern, listening-typing-core, presentation-core","","TRUE"
"conf_pattern_053","This study makes three contributions.","v.phr.","本研究有三項貢獻。","This study makes three contributions.","本研究有三項貢獻。","three contributions, study contribution","B1","conference, sentence-pattern, listening-typing-core","","TRUE"
"conf_pattern_054","Theoretically, it integrates A into B.","v.phr.","在理論上，它將 A 整合進 B。","Theoretically, it integrates A into B.","在理論上，它將 A 整合進 B。","theoretically it integrates, integrates A into B","B2","conference, sentence-pattern, listening-typing-core","","TRUE"
"conf_pattern_055","Methodologically, it combines A with B.","v.phr.","在方法上，它結合了 A 與 B。","Methodologically, it combines A with B.","在方法上，它結合了 A 與 B。","methodologically it combines, combines A with B","B2","conference, sentence-pattern, listening-typing-core","","TRUE"
"conf_pattern_056","Practically, it provides a classroom-ready model.","v.phr.","在實務上，它提供了一個可用於課堂的模式。","Practically, it provides a classroom-ready model.","在實務上，它提供了一個可用於課堂的模式。","practically it provides, classroom-ready model","B2","conference, sentence-pattern, listening-typing-core","","TRUE"
"conf_pattern_057","To close, I would like to emphasize one final point.","v.phr.","最後，我想強調一點。","To close, I would like to emphasize one final point.","最後，我想強調一點。","to close, emphasize one final point","B1","conference, sentence-pattern, listening-typing-core","","TRUE"
"conf_pattern_058","These findings remind us that AI scaffolding must be paired with pedagogical scaffolding.","v.phr.","這些發現提醒我們，AI 鷹架必須搭配教學鷹架。","These findings remind us that AI scaffolding must be paired with pedagogical scaffolding.","這些發現提醒我們，AI 鷹架必須搭配教學鷹架。","AI scaffolding, pedagogical scaffolding","C1","conference, sentence-pattern, listening-typing-core, presentation-core","","TRUE"
"conf_pattern_059","Thank you very much for your attention.","v.phr.","非常感謝各位的聆聽。","Thank you very much for your attention.","非常感謝各位的聆聽。","thank you for your attention, closing sentence","A2","conference, sentence-pattern, listening-typing-core, presentation-core","","TRUE"
"conf_pattern_060","I welcome your questions and comments.","v.phr.","歡迎各位提出問題與建議。","I welcome your questions and comments.","歡迎各位提出問題與建議。","questions and comments, welcome questions","B1","conference, sentence-pattern, listening-typing-core, presentation-core","","TRUE"
"conf_pattern_061","Rather than replacing students’ thinking, TALPer supports their thinking process.","v.phr.","TALPer 不是取代學生思考，而是支持他們的思考歷程。","Rather than replacing students’ thinking, TALPer supports their thinking process.","TALPer 不是取代學生思考，而是支持他們的思考歷程。","rather than replacing, supports thinking process","B2","conference, sentence-pattern, listening-typing-core, presentation-core","","TRUE"
"conf_pattern_062","The difference was not tool availability, but regulatory awareness.","v.phr.","差異不是工具可用性，而是調節覺察。","The difference was not tool availability, but regulatory awareness.","差異不是工具可用性，而是調節覺察。","not tool availability but regulatory awareness","C1","conference, sentence-pattern, listening-typing-core, presentation-core","","TRUE"
"conf_pattern_063","Thank you very much for your attention. I welcome your questions and comments.","v.phr.","非常感謝各位的聆聽。歡迎各位提出問題與建議。","Thank you very much for your attention. I welcome your questions and comments.","非常感謝各位的聆聽。歡迎各位提出問題與建議。","closing and Q&A, questions and comments","B1","conference, sentence-pattern, listening-typing-core, presentation-core","","TRUE"
"conf_vocab_092","framework","n.","架構","The SRL 4L framework provides the instructional logic.","SRL 4L 架構提供教學邏輯。","instructional framework, theoretical framework, SRL 4L framework","B1","conference, talper-presentation, presentation-core","","TRUE"
"conf_vocab_093","learning outcome","n.","學習成效","The first research question focuses on learning outcomes.","第一個研究問題聚焦於學習成效。","learning outcome, improve learning outcomes","B1","conference, talper-presentation, presentation-core","","TRUE"
"conf_vocab_094","cognitive network structure","n.","認知網絡結構","The third research question focuses on cognitive network structure.","第三個研究問題聚焦於認知網絡結構。","cognitive network structure, examine cognitive network structures","C1","conference, talper-presentation, presentation-core","","TRUE"
"conf_vocab_095","multimodal learning analytics","n.","多模態學習分析","Future research can combine dialogue, behavior, and affect data through multimodal learning analytics.","未來研究可以透過多模態學習分析結合對話、行為與情意資料。","multimodal learning analytics, dialogue behavior and affect data","C1","conference, talper-presentation","","TRUE"
"conf_pattern_064","This study investigates whether...","v.phr.","本研究探討是否……","This study investigates whether...","本研究探討是否……","this study investigates whether, research purpose","B1","conference, sentence-pattern, listening-typing-core, presentation-core","","TRUE"
"conf_pattern_065","The key problem is not simply whether..., but how...","v.phr.","關鍵問題不只是是否……，而是如何……","The key problem is not simply whether..., but how...","關鍵問題不只是是否……，而是如何……","not simply whether but how, key problem","B2","conference, sentence-pattern, listening-typing-core, presentation-core","","TRUE"
"conf_pattern_066","This framework provides the instructional logic for...","v.phr.","這個架構為……提供教學邏輯。","This framework provides the instructional logic for...","這個架構為……提供教學邏輯。","provides the instructional logic, framework provides","B2","conference, sentence-pattern, listening-typing-core, presentation-core","","TRUE"
"conf_pattern_067","TALPer is not designed as..., but as...","v.phr.","TALPer 不是設計成……，而是設計成……","TALPer is not designed as..., but as...","TALPer 不是設計成……，而是設計成……","not designed as but as, academic learning companion","B2","conference, sentence-pattern, listening-typing-core, presentation-core","","TRUE"
"conf_pattern_068","After controlling for pre-test scores, we found that...","v.phr.","控制前測成績後，我們發現……","After controlling for pre-test scores, we found that...","控制前測成績後，我們發現……","controlling for pre-test scores, we found that","B2","conference, sentence-pattern, listening-typing-core, presentation-core","","TRUE"
"conf_pattern_069","The results showed that...","v.phr.","結果顯示……","The results showed that...","結果顯示……","results showed that, present results","A2","conference, sentence-pattern, listening-typing-core, presentation-core","","TRUE"
"conf_pattern_070","The first question focuses on learning outcomes.","v.phr.","第一個問題聚焦於學習成效。","The first question focuses on learning outcomes.","第一個問題聚焦於學習成效。","first question focuses on, learning outcomes","B1","conference, sentence-pattern, listening-typing-core","","TRUE"
"conf_pattern_071","The second question focuses on learning processes.","v.phr.","第二個問題聚焦於學習歷程。","The second question focuses on learning processes.","第二個問題聚焦於學習歷程。","second question focuses on, learning processes","B1","conference, sentence-pattern, listening-typing-core","","TRUE"
"conf_pattern_072","The third question focuses on cognitive network structure.","v.phr.","第三個問題聚焦於認知網絡結構。","The third question focuses on cognitive network structure.","第三個問題聚焦於認知網絡結構。","third question focuses on, cognitive network structure","C1","conference, sentence-pattern, listening-typing-core","","TRUE"
"conf_pattern_073","We also need to examine the structure of students’ learning processes.","v.phr.","我們也需要檢視學生學習歷程的結構。","We also need to examine the structure of students’ learning processes.","我們也需要檢視學生學習歷程的結構。","examine the structure, students learning processes","B2","conference, sentence-pattern, listening-typing-core","","TRUE"
"conf_pattern_074","Together, these findings suggest that...","v.phr.","綜合而言，這些發現顯示……","Together, these findings suggest that...","綜合而言，這些發現顯示……","together these findings suggest, discussion sentence","B2","conference, sentence-pattern, listening-typing-core","","TRUE"
"conf_pattern_075","The better question is...","v.phr.","更好的問題是……","The better question is...","更好的問題是……","better question, discussion transition","B1","conference, sentence-pattern, listening-typing-core","","TRUE"
"conf_pattern_076","Therefore, regulatory awareness becomes the key intervention point.","v.phr.","因此，調節覺察成為關鍵的介入點。","Therefore, regulatory awareness becomes the key intervention point.","因此，調節覺察成為關鍵的介入點。","regulatory awareness becomes, key intervention point","C1","conference, sentence-pattern, listening-typing-core, presentation-core","","TRUE"
"conf_pattern_077","The main take-home message is this:","v.phr.","本研究最重要的 takeaway 是：","The main take-home message is this:","本研究最重要的 takeaway 是：","take-home message, main message","B2","conference, sentence-pattern, listening-typing-core, presentation-core","","TRUE"
